{"classification_report": {"0": {"precision": 0.7800231903263211, "recall": 0.9576977832011389, "f1-score": 0.859777250319518, "support": 4917}, "1": {"precision": 0.9942979330007128, "recall": 0.9646789722857598, "f1-score": 0.9792645391219827, "support": 37598}, "accuracy": 0.9638715747383276, "macro avg": {"precision": 0.887160561663517, "recall": 0.9611883777434493, "f1-score": 0.9195208947207504, "support": 42515}, "weighted avg": {"precision": 0.9695163521532476, "recall": 0.9638715747383276, "f1-score": 0.965445440003043, "support": 42515}}}